Name,Class
testimage001.jpg,Politics
testimage002.jpg,Gender
testimage003.jpg,Religious
testimage004.jpg,Gender
testimage005.jpg,Politics
testimage006.jpg,Politics
testimage007.jpg,Gender
testimage008.jpg,Religious
testimage009.jpg,Politics
testimage010.jpg,Religious
testimage011.jpg,Religious
testimage012.jpg,Politics
testimage013.jpg,Neutral
testimage014.jpg,Neutral
testimage015.jpg,Gender
testimage016.jpg,Religious
testimage017.jpg,Religious
testimage018.jpg,Gender
testimage019.jpg,Religious
testimage020.jpg,Neutral
testimage021.jpg,Politics
testimage022.jpg,Politics
testimage023.jpg,Religious
testimage024.jpg,Religious
testimage025.jpg,Neutral
testimage026.jpg,Politics
testimage027.jpg,Gender
testimage028.jpg,Gender
testimage029.jpg,Gender
testimage030.jpg,Religious
testimage031.jpg,Politics
testimage032.jpg,Religious
testimage033.jpg,Religious
testimage034.jpg,Neutral
testimage035.jpg,Neutral
testimage036.jpg,Politics
testimage037.jpg,Neutral
testimage038.jpg,Politics
testimage039.jpg,Gender
testimage040.jpg,Religious
testimage041.jpg,Neutral
testimage042.jpg,Gender
testimage043.jpg,Politics
testimage044.jpg,Religious
testimage045.jpg,Gender
testimage046.jpg,Gender
testimage047.jpg,Gender
testimage048.jpg,Religious
testimage049.jpg,Religious
testimage050.jpg,Religious
testimage101.jpg,Politics
testimage102.jpg,Politics
testimage103.jpg,Gender
testimage104.jpg,Neutral
testimage105.jpg,Gender
testimage106.jpg,Gender
testimage107.jpg,Neutral
testimage108.jpg,Gender
testimage109.jpg,Religious
testimage110.jpg,Gender
testimage111.jpg,Religious
testimage112.jpg,Politics
testimage113.jpg,Neutral
testimage114.jpg,Neutral
testimage115.jpg,Politics
testimage116.jpg,Gender
testimage117.jpg,Religious
testimage118.jpg,Neutral
testimage119.jpg,Religious
testimage120.jpg,Neutral
testimage121.jpg,Religious
testimage122.jpg,Politics
testimage123.jpg,Politics
testimage124.jpg,Religious
testimage125.jpg,Politics
testimage126.jpg,Politics
testimage127.jpg,Politics
testimage128.jpg,Religious
testimage129.jpg,Gender
testimage130.jpg,Gender
testimage131.jpg,Neutral
testimage132.jpg,Gender
testimage133.jpg,Gender
testimage134.jpg,Neutral
testimage135.jpg,Religious
testimage136.jpg,Gender
testimage137.jpg,Religious
testimage138.jpg,Gender
testimage139.jpg,Gender
testimage140.jpg,Politics
testimage141.jpg,Politics
testimage142.jpg,Gender
testimage143.jpg,Religious
testimage144.jpg,Gender
testimage145.jpg,Politics
testimage146.jpg,Neutral
testimage147.jpg,Religious
testimage148.jpg,Religious
testimage149.jpg,Politics
testimage150.jpg,Gender
